{
  "type": "FeatureCollection",
  "features": [ 
    {
      "geometry": {
        "type": "Point",
        "coordinates": [ 13.56, 47.251 ]
      },
      "type": "Feature",
      "id": 0,
      "properties": {
        "borderRadius": 32,
        "padding": 15,
        "color": "darkblue",
        "background": "lavender",
        "anchor": "center",
        "anchorOffset": {
          "y": 80,
          "x": 0
        },
        "icon": "car"
      }
    },
    {
      "geometry": {
        "type": "Point",
        "coordinates": [ 13.56, 47.251 ]
      },
      "type": "Feature",
      "id": 0,
      "properties": {
        "color": "lavender",
        "icon": "chevron-down"
      }
    },
    {
      "geometry": {
        "type": "Point",
        "coordinates": [ 13.56, 47.251 ]
      },
      "type": "Feature",
      "id": 0,
      "properties": {
        "name": "Car rental",
        "borderRadius": 4,
        "padding": 8,
        "color": "lavender",
        "fadeDistance": 3000,
        "borderWidth": 1,
        "background": "darkblue",
        "anchor": "left",
        "anchorOffset": {
          "y": 80,
          "x": 70
        }
      }
    },
    {
      "geometry": {
        "type": "Point",
        "coordinates": [ 13.56, 47.251 ]
      },
      "type": "Feature",
      "id": 0,
      "properties": {
        "fadeDistance": 3000,
        "anchor": "left",
        "anchorOffset": {
          "y": 80,
          "x": 54
        },
        "icon": "caret-left"
      }
    },
    {
      "geometry": {
        "type": "Point",
        "coordinates": [ 13.54, 47.251 ]
      },
      "type": "Feature",
      "id": 1,
      "properties": {
        "borderRadius": 32,
        "padding": 15,
        "color": "darkblue",
        "background": "lavender",
        "anchor": "center",
        "anchorOffset": {
          "y": 80,
          "x": 0
        },
        "icon": "info"
      }
    },
    {
      "geometry": {
        "type": "Point",
        "coordinates": [ 13.54, 47.251 ]
      },
      "type": "Feature",
      "id": 1,
      "properties": {
        "color": "lavender",
        "icon": "chevron-down"
      }
    },
    {
      "geometry": {
        "type": "Point",
        "coordinates": [ 13.54, 47.251 ]
      },
      "type": "Feature",
      "id": 1,
      "properties": {
        "name": "Tourist information",
        "borderRadius": 4,
        "padding": 8,
        "color": "lavender",
        "fadeDistance": 3000,
        "borderWidth": 1,
        "background": "darkblue",
        "anchor": "left",
        "anchorOffset": {
          "y": 80,
          "x": 70
        }
      }
    },
    {
      "geometry": {
        "type": "Point",
        "coordinates": [ 13.54, 47.251 ]
      },
      "type": "Feature",
      "id": 1,
      "properties": {
        "fadeDistance": 3000,
        "anchor": "left",
        "anchorOffset": {
          "y": 80,
          "x": 54
        },
        "icon": "caret-left"
      }
    }
  ],
  "defaults": {
    "properties": {
      "clipping": "object",
      "fontSize": 12
    }
  }
}
