[{"items": [{"name": "Basic Line", "value": {"type": "FeatureCollection", "features": [{"geometry": {"type": "LineString", "coordinates": [[13.55, 47.25], [13.56, 47.26]]}, "type": "Feature", "id": 0, "properties": {"color": "#f30e32"}}]}}, {"name": "Line alpha", "value": {"type": "FeatureCollection", "features": [{"geometry": {"type": "LineString", "coordinates": [[13.55, 47.21], [13.55, 47.224]]}, "type": "Feature", "id": 0, "properties": {"color": "rgba(41,99, 233, 1)", "thickness": 4}}, {"geometry": {"type": "LineString", "coordinates": [[13.549, 47.21], [13.549, 47.224]]}, "type": "Feature", "id": 1, "properties": {"color": "rgba(41,99, 233, 0.8)", "thickness": 4}}, {"geometry": {"type": "LineString", "coordinates": [[13.548, 47.21], [13.548, 47.224]]}, "type": "Feature", "id": 2, "properties": {"color": "rgba(41,99, 233, 0.6)", "thickness": 4}}, {"geometry": {"type": "LineString", "coordinates": [[13.547, 47.21], [13.547, 47.224]]}, "type": "Feature", "id": 3, "properties": {"color": "rgba(41,99, 233, 0.4)", "thickness": 4}}, {"geometry": {"type": "LineString", "coordinates": [[13.546, 47.21], [13.546, 47.224]]}, "type": "Feature", "id": 4, "properties": {"color": "rgba(41,99, 233, 0.2)", "thickness": 4}}]}}, {"name": "Line color", "value": {"type": "FeatureCollection", "features": [{"geometry": {"type": "LineString", "coordinates": [[13.49, 47.21], [13.475, 47.224], [13.481, 47.23], [13.51, 47.222]]}, "type": "Feature", "id": 0, "properties": {"color": "#f30e32"}}, {"geometry": {"type": "LineString", "coordinates": [[13.51, 47.222], [13.52, 47.222], [13.525, 47.227], [13.52, 47.252]]}, "type": "Feature", "id": 1, "properties": {"color": "#3205f1"}}]}}, {"name": "Line multicolor", "value": {"type": "FeatureCollection", "features": [{"geometry": {"colors": ["#ff3121", "#ef2161", "#df0191", "#bf01d1"], "type": "LineString", "coordinates": [[13.457, 47.2315], [13.47, 47.22], [13.481, 47.23], [13.4901, 47.227]]}, "type": "Feature", "id": 0, "properties": {"color": "#f30e32", "thickness": 4}}]}}, {"name": "Line outline", "value": {"type": "FeatureCollection", "features": [{"geometry": {"type": "LineString", "coordinates": [[13.545, 47.255], [13.55, 47.255], [13.55, 47.25], [13.545, 47.25], [13.545, 47.253], [13.548, 47.253], [13.548, 47.252], [13.547, 47.251]]}, "type": "Feature", "id": 0, "properties": {}}], "defaults": {"properties": {"color": "crimson", "thickness": 6, "outlineColor": "white"}}}}, {"name": "Line thickness", "value": {"type": "FeatureCollection", "features": [{"geometry": {"type": "LineString", "coordinates": [[13.454, 47.219], [13.435, 47.214], [13.451, 47.23], [13.48, 47.213]]}, "type": "Feature", "id": 0, "properties": {"color": "#f30e32"}}, {"geometry": {"type": "LineString", "coordinates": [[13.48, 47.213], [13.454, 47.219]]}, "type": "Feature", "id": 1, "properties": {"color": "#12133d", "thickness": 5}}]}}], "group": "Lines"}, {"items": [{"name": "Defaults", "value": {"type": "FeatureCollection", "features": [{"geometry": {"type": "Point", "coordinates": [13.567, 47.25]}, "type": "Feature", "id": 0, "properties": {"name": "Default color and background"}}, {"geometry": {"type": "Point", "coordinates": [13.567, 47.249]}, "type": "Feature", "id": 1, "properties": {"color": "blue", "name": "Color overridden"}}, {"geometry": {"type": "Point", "coordinates": [13.567, 47.248]}, "type": "Feature", "id": 2, "properties": {"name": "Background overridden", "background": "green"}}], "defaults": {"properties": {"color": "white", "padding": 10, "clipping": "object", "background": "black"}}}}, {"name": "Icon+Text Marker", "value": {"type": "FeatureCollection", "features": [{"geometry": {"type": "Point", "coordinates": [13.55, 47.27]}, "type": "Feature", "id": 0, "properties": {"color": "white", "padding": 10, "name": "Example", "background": "green", "icon": "star"}}]}}, {"name": "Image Marker", "value": {"type": "FeatureCollection", "features": [{"geometry": {"type": "Point", "coordinates": [13.6, 47.23, 2500]}, "type": "Feature", "id": 0, "properties": {"image": "img/blue-dot.png"}}]}}, {"name": "Multiple Markers", "value": {"type": "FeatureCollection", "features": [{"geometry": {"type": "Point", "coordinates": [13.56, 47.25]}, "type": "Feature", "id": 0, "properties": {"background": "black", "icon": "info"}}, {"geometry": {"type": "Point", "coordinates": [13.557, 47.25]}, "type": "Feature", "id": 1, "properties": {"background": "red", "icon": "bus"}}, {"geometry": {"type": "Point", "coordinates": [13.561, 47.2505]}, "type": "Feature", "id": 2, "properties": {"background": "blue", "icon": "coffee"}}], "defaults": {"properties": {"color": "white", "padding": 10}}}}, {"name": "Single Marker", "value": {"type": "FeatureCollection", "features": [{"geometry": {"type": "Point", "coordinates": [13.56, 47.25]}, "type": "Feature", "id": 0, "properties": {"color": "white", "padding": 10, "background": "black", "icon": "info"}}]}}, {"name": "Text Marker", "value": {"type": "FeatureCollection", "features": [{"geometry": {"type": "Point", "coordinates": [13.54, 47.27]}, "type": "Feature", "id": 0, "properties": {"color": "white", "padding": 10, "name": "Example", "background": "black"}}]}}], "group": "Markers - Basics"}, {"items": [{"name": "Collapsing Pin", "value": {"type": "FeatureCollection", "features": [{"geometry": {"type": "Point", "coordinates": [13.544, 47.25343]}, "type": "Feature", "id": 0, "properties": {"name": "Hotel", "anchorOffset": {"y": 70, "x": 0}, "borderRadius": 25, "padding": 10, "borderWidth": 2, "background": "blue", "icon": "hotel"}}, {"geometry": {"type": "Point", "coordinates": [13.544, 47.25343]}, "type": "Feature", "id": 0, "properties": {"color": "#ddd", "fontSize": 11, "anchor": "center", "icon": "circle-o"}}, {"geometry": {"type": "Point", "coordinates": [13.544, 47.25343]}, "type": "Feature", "id": 0, "properties": {"color": "#ddd", "fontSize": 40, "name": "|", "anchorOffset": {"y": 3, "x": 0}, "anchor": "bottom"}}], "defaults": {"properties": {"color": "white", "collapseDistance": 3000, "fadeDistance": 5000}}}}, {"name": "Icon with Popup", "value": {"type": "FeatureCollection", "features": [{"geometry": {"type": "Point", "coordinates": [13.56, 47.251]}, "type": "Feature", "id": 0, "properties": {"anchorOffset": {"y": 80, "x": 0}, "borderRadius": 32, "padding": 15, "color": "darkblue", "background": "lavender", "anchor": "center", "icon": "car"}}, {"geometry": {"type": "Point", "coordinates": [13.56, 47.251]}, "type": "Feature", "id": 0, "properties": {"color": "lavender", "icon": "chevron-down"}}, {"geometry": {"type": "Point", "coordinates": [13.56, 47.251]}, "type": "Feature", "id": 0, "properties": {"name": "Car rental", "anchorOffset": {"y": 80, "x": 70}, "borderRadius": 4, "padding": 8, "color": "lavender", "fadeDistance": 3000, "borderWidth": 1, "background": "darkblue", "anchor": "left"}}, {"geometry": {"type": "Point", "coordinates": [13.56, 47.251]}, "type": "Feature", "id": 0, "properties": {"fadeDistance": 3000, "anchor": "left", "anchorOffset": {"y": 80, "x": 54}, "icon": "caret-left"}}, {"geometry": {"type": "Point", "coordinates": [13.54, 47.251]}, "type": "Feature", "id": 1, "properties": {"anchorOffset": {"y": 80, "x": 0}, "borderRadius": 32, "padding": 15, "color": "darkblue", "background": "lavender", "anchor": "center", "icon": "info"}}, {"geometry": {"type": "Point", "coordinates": [13.54, 47.251]}, "type": "Feature", "id": 1, "properties": {"color": "lavender", "icon": "chevron-down"}}, {"geometry": {"type": "Point", "coordinates": [13.54, 47.251]}, "type": "Feature", "id": 1, "properties": {"name": "Tourist information", "anchorOffset": {"y": 80, "x": 70}, "borderRadius": 4, "padding": 8, "color": "lavender", "fadeDistance": 3000, "borderWidth": 1, "background": "darkblue", "anchor": "left"}}, {"geometry": {"type": "Point", "coordinates": [13.54, 47.251]}, "type": "Feature", "id": 1, "properties": {"fadeDistance": 3000, "anchor": "left", "anchorOffset": {"y": 80, "x": 54}, "icon": "caret-left"}}], "defaults": {"properties": {"clipping": "object", "fontSize": 12}}}}, {"name": "Image Pin", "value": {"type": "FeatureCollection", "features": [{"geometry": {"type": "Point", "coordinates": [13.56, 47.25]}, "type": "Feature", "id": 0, "properties": {"anchorOffset": {"y": 70, "x": 0}, "borderRadius": 32, "image": "img/sun.jpg", "height": 60, "width": 60, "borderWidth": 2, "background": "#ccc"}}, {"geometry": {"type": "Point", "coordinates": [13.56, 47.25]}, "type": "Feature", "id": 0, "properties": {"fontSize": 20, "anchorOffset": {"y": 45, "x": 0}, "icon": "caret-down"}}, {"geometry": {"type": "Point", "coordinates": [13.56, 47.25]}, "type": "Feature", "id": 0, "properties": {"name": "3", "borderRadius": 23, "padding": 5, "fontSize": 13, "background": "#44b6f7", "anchor": "bottom"}}, {"geometry": {"type": "Point", "coordinates": [13.54, 47.261]}, "type": "Feature", "id": 1, "properties": {"anchorOffset": {"y": 70, "x": 0}, "borderRadius": 32, "image": "img/rock.jpg", "height": 60, "width": 60, "borderWidth": 2, "background": "#ccc"}}, {"geometry": {"type": "Point", "coordinates": [13.54, 47.261]}, "type": "Feature", "id": 1, "properties": {"fontSize": 20, "anchorOffset": {"y": 45, "x": 0}, "icon": "caret-down"}}, {"geometry": {"type": "Point", "coordinates": [13.54, 47.261]}, "type": "Feature", "id": 1, "properties": {"name": "5", "borderRadius": 23, "padding": 5, "fontSize": 13, "background": "#44b6f7", "anchor": "bottom"}}]}}], "group": "Markers - Examples"}, {"items": [{"name": "Border Radius", "value": {"type": "FeatureCollection", "features": [{"geometry": {"type": "Point", "coordinates": [13.56, 47.25]}, "type": "Feature", "id": 0, "properties": {"borderRadius": 0, "icon": "info"}}, {"geometry": {"type": "Point", "coordinates": [13.559, 47.25]}, "type": "Feature", "id": 1, "properties": {"borderRadius": 4, "icon": "info"}}, {"geometry": {"type": "Point", "coordinates": [13.558, 47.25]}, "type": "Feature", "id": 2, "properties": {"borderRadius": 100, "icon": "info"}}], "defaults": {"properties": {"color": "blue", "padding": 10, "background": "white"}}}}, {"name": "Border Width", "value": {"type": "FeatureCollection", "features": [{"geometry": {"type": "Point", "coordinates": [13.547, 47.239]}, "type": "Feature", "id": 0, "properties": {"name": "None", "background": "red"}}, {"geometry": {"type": "Point", "coordinates": [13.55, 47.239]}, "type": "Feature", "id": 1, "properties": {"borderWidth": 2, "background": "blue", "name": "Normal"}}, {"geometry": {"type": "Point", "coordinates": [13.553, 47.239]}, "type": "Feature", "id": 2, "properties": {"borderWidth": 5, "background": "green", "name": "Thick"}}], "defaults": {"properties": {"color": "white", "padding": 10}}}}, {"name": "Colors", "value": {"type": "FeatureCollection", "features": [{"geometry": {"type": "Point", "coordinates": [13.54, 47.252]}, "type": "Feature", "id": 0, "properties": {"name": "Hex value: '#6719f3'", "background": "#6719f3"}}, {"geometry": {"type": "Point", "coordinates": [13.54, 47.254]}, "type": "Feature", "id": 1, "properties": {"name": "Named color: 'crimson'", "background": "crimson"}}, {"geometry": {"type": "Point", "coordinates": [13.543, 47.252]}, "type": "Feature", "id": 2, "properties": {"name": "RGB: 'rgb(101, 32, 77)'", "background": "rgb(101, 32, 77)"}}, {"geometry": {"type": "Point", "coordinates": [13.543, 47.254]}, "type": "Feature", "id": 3, "properties": {"name": "RGBA: 'rgba(44, 244, 11, 0.2)'", "background": "rgba(44, 244, 11, 0.2)"}}], "defaults": {"properties": {"padding": 10, "clipping": "object"}}}}, {"name": "Font Size", "value": {"type": "FeatureCollection", "features": [{"geometry": {"type": "Point", "coordinates": [13.53, 47.253]}, "type": "Feature", "id": 0, "properties": {"fontSize": 10, "name": "Text size 10"}}, {"geometry": {"type": "Point", "coordinates": [13.53, 47.2545]}, "type": "Feature", "id": 1, "properties": {"fontSize": 14, "name": "Text size 14"}}, {"geometry": {"type": "Point", "coordinates": [13.53, 47.257]}, "type": "Feature", "id": 2, "properties": {"fontSize": 20, "name": "Text size 20"}}], "defaults": {"properties": {"color": "purple", "padding": 5, "background": "cornsilk"}}}}, {"name": "Highlight Opacity", "value": {"type": "FeatureCollection", "features": [{"geometry": {"type": "Point", "coordinates": [13.55, 47.24]}, "type": "Feature", "id": 0, "properties": {"name": "highlightOpacity 0", "highlightOpacity": 0}}, {"geometry": {"type": "Point", "coordinates": [13.55, 47.241]}, "type": "Feature", "id": 1, "properties": {"name": "highlightOpacity 0.2 (default)"}}, {"geometry": {"type": "Point", "coordinates": [13.55, 47.242]}, "type": "Feature", "id": 2, "properties": {"name": "highlightOpacity 0.5", "highlightOpacity": 0.5}}, {"geometry": {"type": "Point", "coordinates": [13.55, 47.243]}, "type": "Feature", "id": 3, "properties": {"name": "highlightOpacity 1", "highlightOpacity": 1}}], "defaults": {"properties": {"color": "white", "padding": 10, "borderRadius": 25, "fadeDistance": 5000, "background": "crimson", "anchor": "left", "icon": "star"}}}}, {"name": "Not Selectable", "value": {"type": "FeatureCollection", "features": [{"geometry": {"type": "Point", "coordinates": [13.542, 47.24]}, "type": "Feature", "id": 0, "properties": {"name": "selectable (default)", "icon": "check"}}, {"geometry": {"type": "Point", "coordinates": [13.542, 47.241]}, "type": "Feature", "id": 1, "properties": {"selectable": false, "name": "not selectable", "icon": "close"}}], "defaults": {"properties": {"color": "white", "padding": 10, "borderRadius": 25, "fadeDistance": 5000, "background": "chocolate", "anchor": "left"}}}}, {"name": "Padding", "value": {"type": "FeatureCollection", "features": [{"geometry": {"type": "Point", "coordinates": [13.56, 47.25]}, "type": "Feature", "id": 0, "properties": {"padding": 0, "name": "small", "background": "#fff"}}, {"geometry": {"type": "Point", "coordinates": [13.559, 47.25]}, "type": "Feature", "id": 1, "properties": {"padding": 10, "name": "medium", "background": "#ccc"}}, {"geometry": {"type": "Point", "coordinates": [13.558, 47.25]}, "type": "Feature", "id": 2, "properties": {"padding": 20, "name": "large", "background": "#999"}}], "defaults": {"properties": {"color": "green"}}}}], "group": "Markers - Styling"}, {"items": [{"name": "Anchor (Basic)", "value": {"type": "FeatureCollection", "features": [{"geometry": {"type": "Point", "coordinates": [13.53, 47.2715]}, "type": "Feature", "id": 0, "properties": {"anchor": "top-left", "name": "top-left"}}, {"geometry": {"type": "Point", "coordinates": [13.54, 47.2715]}, "type": "Feature", "id": 1, "properties": {"anchor": "top", "name": "top"}}, {"geometry": {"type": "Point", "coordinates": [13.55, 47.2715]}, "type": "Feature", "id": 2, "properties": {"anchor": "top-right", "name": "top-right"}}, {"geometry": {"type": "Point", "coordinates": [13.53, 47.2615]}, "type": "Feature", "id": 3, "properties": {"anchor": "left", "name": "left"}}, {"geometry": {"type": "Point", "coordinates": [13.54, 47.2615]}, "type": "Feature", "id": 4, "properties": {"anchor": "center", "name": "center"}}, {"geometry": {"type": "Point", "coordinates": [13.55, 47.2615]}, "type": "Feature", "id": 5, "properties": {"anchor": "right", "name": "right"}}, {"geometry": {"type": "Point", "coordinates": [13.53, 47.2515]}, "type": "Feature", "id": 6, "properties": {"anchor": "bottom-left", "name": "bottom-left"}}, {"geometry": {"type": "Point", "coordinates": [13.54, 47.2515]}, "type": "Feature", "id": 7, "properties": {"anchor": "bottom", "name": "bottom"}}, {"geometry": {"type": "Point", "coordinates": [13.55, 47.2515]}, "type": "Feature", "id": 8, "properties": {"anchor": "bottom-right", "name": "bottom-right"}}, {"geometry": {"type": "Point", "coordinates": [13.53, 47.2715]}, "type": "Feature", "id": 0, "properties": {"padding": 0, "borderWidth": 0, "icon": "circle"}}, {"geometry": {"type": "Point", "coordinates": [13.54, 47.2715]}, "type": "Feature", "id": 1, "properties": {"padding": 0, "borderWidth": 0, "icon": "circle"}}, {"geometry": {"type": "Point", "coordinates": [13.55, 47.2715]}, "type": "Feature", "id": 2, "properties": {"padding": 0, "borderWidth": 0, "icon": "circle"}}, {"geometry": {"type": "Point", "coordinates": [13.53, 47.2615]}, "type": "Feature", "id": 3, "properties": {"padding": 0, "borderWidth": 0, "icon": "circle"}}, {"geometry": {"type": "Point", "coordinates": [13.54, 47.2615]}, "type": "Feature", "id": 4, "properties": {"padding": 0, "borderWidth": 0, "icon": "circle"}}, {"geometry": {"type": "Point", "coordinates": [13.55, 47.2615]}, "type": "Feature", "id": 5, "properties": {"padding": 0, "borderWidth": 0, "icon": "circle"}}, {"geometry": {"type": "Point", "coordinates": [13.53, 47.2515]}, "type": "Feature", "id": 6, "properties": {"padding": 0, "borderWidth": 0, "icon": "circle"}}, {"geometry": {"type": "Point", "coordinates": [13.54, 47.2515]}, "type": "Feature", "id": 7, "properties": {"padding": 0, "borderWidth": 0, "icon": "circle"}}, {"geometry": {"type": "Point", "coordinates": [13.55, 47.2515]}, "type": "Feature", "id": 8, "properties": {"padding": 0, "borderWidth": 0, "icon": "circle"}}], "defaults": {"properties": {"color": "white", "padding": 30, "clipping": "object", "anchor": "center", "borderWidth": 2}}}}, {"name": "Anchor (Explicit)", "value": {"type": "FeatureCollection", "features": [{"geometry": {"type": "Point", "coordinates": [13.53, 47.2715]}, "type": "Feature", "id": 0, "properties": {"anchor": {"y": 0, "x": 1}, "name": "{x: 1, y:0}"}}, {"geometry": {"type": "Point", "coordinates": [13.54, 47.2515]}, "type": "Feature", "id": 1, "properties": {"anchor": {"y": 1, "x": 0}, "name": "{x: 0, y: 1}"}}, {"geometry": {"type": "Point", "coordinates": [13.56, 47.2615]}, "type": "Feature", "id": 2, "properties": {"anchor": {"y": 1.5, "x": 0}, "name": "{x: 0, y: 1.5}"}}, {"geometry": {"type": "Point", "coordinates": [13.53, 47.2715]}, "type": "Feature", "id": 0, "properties": {"padding": 0, "borderWidth": 0, "icon": "circle"}}, {"geometry": {"type": "Point", "coordinates": [13.54, 47.2515]}, "type": "Feature", "id": 1, "properties": {"padding": 0, "borderWidth": 0, "icon": "circle"}}, {"geometry": {"type": "Point", "coordinates": [13.56, 47.2615]}, "type": "Feature", "id": 2, "properties": {"padding": 0, "borderWidth": 0, "icon": "circle"}}], "defaults": {"properties": {"color": "white", "padding": 30, "clipping": "object", "anchor": "center", "borderWidth": 2}}}}, {"name": "Anchor (Offset)", "value": {"type": "FeatureCollection", "features": [{"geometry": {"type": "Point", "coordinates": [13.53, 47.2715]}, "type": "Feature", "id": 0, "properties": {"anchor": "bottom", "name": "No anchorOffset"}}, {"geometry": {"type": "Point", "coordinates": [13.53, 47.2715]}, "type": "Feature", "id": 0, "properties": {"anchor": "bottom", "anchorOffset": {"y": 100, "x": 0}, "name": "anchorOffset: {x: 0, y:100}"}}, {"geometry": {"type": "Point", "coordinates": [13.53, 47.2715]}, "type": "Feature", "id": 0, "properties": {"padding": 0, "borderWidth": 0, "icon": "circle"}}, {"geometry": {"type": "Point", "coordinates": [13.52, 47.2715]}, "type": "Feature", "id": 1, "properties": {"anchor": "left", "name": "No anchorOffset"}}, {"geometry": {"type": "Point", "coordinates": [13.52, 47.2715]}, "type": "Feature", "id": 1, "properties": {"anchor": "left", "anchorOffset": {"y": 0, "x": 250}, "name": "anchorOffset: {x: 250, y:0}"}}, {"geometry": {"type": "Point", "coordinates": [13.52, 47.2715]}, "type": "Feature", "id": 1, "properties": {"anchor": "left", "anchorOffset": {"y": 100, "x": 0}, "name": "anchorOffset: {x: 0, y:100}"}}, {"geometry": {"type": "Point", "coordinates": [13.52, 47.2715]}, "type": "Feature", "id": 1, "properties": {"padding": 0, "borderWidth": 0, "icon": "circle"}}], "defaults": {"properties": {"color": "white", "padding": 10, "clipping": "object", "anchor": "center", "borderWidth": 2}}}}, {"name": "Clipping", "value": {"type": "FeatureCollection", "features": [{"geometry": {"type": "Point", "coordinates": [13.55, 47.233]}, "type": "Feature", "id": 0, "properties": {"clipping": "pixel", "name": "Visibility calculated per pixel - (default)"}}, {"geometry": {"type": "Point", "coordinates": [13.55, 47.237]}, "type": "Feature", "id": 1, "properties": {"clipping": "object", "name": "Visibility based on anchor point"}}], "defaults": {"properties": {"color": "green", "padding": 20, "background": "white"}}}}, {"name": "Collapse Distance", "value": {"type": "FeatureCollection", "features": [{"geometry": {"type": "Point", "coordinates": [13.55, 47.25]}, "type": "Feature", "id": 0, "properties": {"collapseDistance": 500, "fadeDistance": 2000, "name": "collapses at 500m, fades at 2km", "background": "blue"}}, {"geometry": {"type": "Point", "coordinates": [13.55, 47.251]}, "type": "Feature", "id": 1, "properties": {"collapseDistance": 1000, "fadeDistance": 2000, "name": "collapses at 1km, fades at 2km", "background": "green"}}, {"geometry": {"type": "Point", "coordinates": [13.55, 47.252]}, "type": "Feature", "id": 2, "properties": {"collapseDistance": 5000, "name": "collapses at 5km", "background": "red"}}], "defaults": {"properties": {"clipping": "object", "color": "white", "padding": 10, "borderRadius": 10, "borderWidth": 1, "anchor": "left", "icon": "eye"}}}}, {"name": "Fade Distance", "value": {"type": "FeatureCollection", "features": [{"geometry": {"type": "Point", "coordinates": [13.55, 47.25]}, "type": "Feature", "id": 0, "properties": {"fadeDistance": 1000, "name": "fades at 1km", "background": "blue"}}, {"geometry": {"type": "Point", "coordinates": [13.55, 47.251]}, "type": "Feature", "id": 1, "properties": {"fadeDistance": 2000, "name": "fades at 2km", "background": "green"}}, {"geometry": {"type": "Point", "coordinates": [13.55, 47.252]}, "type": "Feature", "id": 2, "properties": {"fadeDistance": 5000, "name": "fades at 5km", "background": "red"}}], "defaults": {"properties": {"clipping": "object", "color": "white", "padding": 10, "borderRadius": 10, "borderWidth": 1, "anchor": "left", "icon": "eye"}}}}], "group": "Markers - Visibility"}, {"items": [{"name": "Empty Overlay", "value": {"type": "FeatureCollection", "features": []}}], "group": "Other"}]