{
  "type": "FeatureCollection",
  "features": [
    {
      "geometry": {
        "type": "Point",
        "coordinates": [
          13.55,
          47.25
        ]
      },
      "type": "Feature",
      "id": 0,
      "properties": {
        "collapseDistance": 500,
        "fadeDistance": 2000,
        "name": "collapses at 500m, fades at 2km",
        "background": "blue"
      }
    },
    {
      "geometry": {
        "type": "Point",
        "coordinates": [
          13.55,
          47.251
        ]
      },
      "type": "Feature",
      "id": 1,
      "properties": {
        "collapseDistance": 1000,
        "fadeDistance": 2000,
        "name": "collapses at 1km, fades at 2km",
        "background": "green"
      }
    },
    {
      "geometry": {
        "type": "Point",
        "coordinates": [
          13.55,
          47.252
        ]
      },
      "type": "Feature",
      "id": 2,
      "properties": {
        "collapseDistance": 5000,
        "name": "collapses at 5km",
        "background": "red"
      }
    }
  ],
  "defaults": {
    "properties": {
      "color": "white",
      "padding": 10,
      "icon": "eye",
      "clipping": "object",
      "anchor": "left",
      "borderRadius": 10,
      "borderWidth": 1
    }
  }
}
